<?xml version="1.0" encoding="UTF-8" standalone="yes"?>
<addon id="repository.plknewtwo" name="plknewtwo" version="0.0.1" provider-name="oolp">
	<extension point="xbmc.addon.repository" name="plknewtwo">
		<dir>
			<info compressed="false">https://raw.githubusercontent.com/totalrevolution/python-koding/master/zips/addons.xml</info>
			<checksum>https://raw.githubusercontent.com/totalrevolution/python-koding/master/zips/addons.xml.md5</checksum>
			<datadir zip="true">https://raw.githubusercontent.com/totalrevolution/python-koding/master/zips/</datadir>
		</dir>
		<info compressed="false">https://raw.githubusercontent.com/oolp/repository.plknewtwo/master/zips/addons.xml</info>
		<checksum>https://raw.githubusercontent.com/oolp/repository.plknewtwo/master/zips/addons.xml.md5</checksum>
		<datadir zip="true">https://raw.githubusercontent.com/oolp/repository.plknewtwo/master/zips/</datadir>
	</extension>
	<extension point="xbmc.addon.metadata">
		<summary lang="en">oolp</summary>
		<description lang="en">oolp</description>
		<genre>wizard,polish</genre>
	</extension>
</addon>